{"state":{"0":"Alabama","1":"Alaska","2":"Arizona","3":"Arkansas","4":"California","5":"Colorado","6":"Connecticut","7":"Delaware","8":"District of Columbia","9":"Florida","10":"Georgia","11":"Hawaii","12":"Idaho","13":"Illinois","14":"Indiana","15":"Iowa","16":"Kansas","17":"Kentucky","18":"Louisiana","19":"Maine","20":"Maryland","21":"Massachusetts","22":"Michigan","23":"Minnesota","24":"Mississippi","25":"Missouri","26":"Montana","27":"Nebraska","28":"Nevada","29":"New Hampshire","30":"New Jersey","31":"New Mexico","32":"New York","33":"North Carolina","34":"North Dakota","35":"Ohio","36":"Oklahoma","37":"Oregon","38":"Pennsylvania","39":"Rhode Island","40":"South Carolina","41":"South Dakota","42":"Tennessee","43":"Texas","44":"Utah","45":"Vermont","46":"Virginia","47":"Washington","48":"West Virginia","49":"Wisconsin","50":"Wyoming","51":0,"52":"Data from 1\/1\/2013 - 12\/31\/2019"},"population":{"0":4779736.0,"1":710231.0,"2":6392017.0,"3":2915918.0,"4":37253956.0,"5":5029196.0,"6":3574097.0,"7":897934.0,"8":601723.0,"9":18801310.0,"10":9687653.0,"11":1360301.0,"12":1567582.0,"13":12830632.0,"14":6483802.0,"15":3046355.0,"16":2853118.0,"17":4339367.0,"18":4533372.0,"19":1328361.0,"20":5773552.0,"21":6547629.0,"22":9883640.0,"23":5303925.0,"24":2967297.0,"25":5988927.0,"26":989415.0,"27":1826341.0,"28":2700551.0,"29":1316470.0,"30":8791894.0,"31":2059179.0,"32":19378102.0,"33":9535483.0,"34":672591.0,"35":11536504.0,"36":3751351.0,"37":3831074.0,"38":12702379.0,"39":1052567.0,"40":4625364.0,"41":814180.0,"42":6346105.0,"43":25145561.0,"44":2763885.0,"45":625741.0,"46":8001024.0,"47":6724540.0,"48":1852994.0,"49":5686986.0,"50":563626.0,"51":0.0,"52":0.0},"africa_american_alone":{"0":1251311.0,"1":23263.0,"2":259008.0,"3":449895.0,"4":2299072.0,"5":201737.0,"6":362296.0,"7":191814.0,"8":300000.0,"9":2999862.0,"10":3150435.0,"11":21424.0,"12":9810.0,"13":1866414.0,"14":591397.0,"15":89148.0,"16":167864.0,"17":337520.0,"18":1452396.0,"19":15707.0,"20":1700298.0,"21":434398.0,"22":1400362.0,"23":274412.0,"24":1074200.0,"25":704043.0,"26":4027.0,"27":82885.0,"28":218626.0,"29":15035.0,"30":1204826.0,"31":42550.0,"32":3073800.0,"33":2048628.0,"34":7960.0,"35":1407681.0,"36":277644.0,"37":69206.0,"38":1377689.0,"39":60189.0,"40":1290684.0,"41":10207.0,"42":1055689.0,"43":2979598.0,"44":29287.0,"45":6277.0,"46":1551399.0,"47":240042.0,"48":63124.0,"49":359148.0,"50":4748.0,"51":0.0,"52":0.0},"percent_african_american":{"0":0.2617950029,"1":0.0327541321,"2":0.040520543,"3":0.1542893181,"4":0.0617134996,"5":0.0401131712,"6":0.1013671425,"7":0.2136170364,"8":0.4985682781,"9":0.1595560097,"10":0.3252010575,"11":0.0157494555,"12":0.0062580458,"13":0.1454654767,"14":0.0912114528,"15":0.0292638251,"16":0.0588352813,"17":0.0777809298,"18":0.3203787379,"19":0.0118243459,"20":0.2944977373,"21":0.066344321,"22":0.1416848449,"23":0.051737534,"24":0.3620129701,"25":0.1175574523,"26":0.0040700818,"27":0.0453830911,"28":0.0809560716,"29":0.0114206932,"30":0.1370382764,"31":0.0206635751,"32":0.158622346,"33":0.2148426042,"34":0.0118348298,"35":0.1220197211,"36":0.074011736,"37":0.0180643861,"38":0.1084591319,"39":0.0571830582,"40":0.2790448492,"41":0.0125365398,"42":0.1663522743,"43":0.1184939958,"44":0.0105963164,"45":0.0100313069,"46":0.1939000558,"47":0.0356964194,"48":0.0340659495,"49":0.0631526084,"50":0.0084240259,"51":0.0,"52":0.0},"percent_victims_black":{"0":0.3768115942,"1":0.1219512195,"2":0.0903790087,"3":0.2718446602,"4":0.1568296796,"5":0.0964912281,"6":0.1944444444,"7":0.45,"8":0.8846153846,"9":0.312962963,"10":0.3698113208,"11":0.027027027,"12":0.0208333333,"13":0.5303867403,"14":0.3225806452,"15":0.1333333333,"16":0.1466666667,"17":0.1557377049,"18":0.5405405405,"19":0.0322580645,"20":0.625,"21":0.2678571429,"22":0.3414634146,"23":0.2023809524,"24":0.3796296296,"25":0.3756345178,"26":0.0,"27":0.2222222222,"28":0.173553719,"29":0.0,"30":0.4951456311,"31":0.0281690141,"32":0.4580645161,"33":0.3774509804,"34":0.0,"35":0.3720930233,"36":0.238317757,"37":0.0796460177,"38":0.3391812865,"39":0.5,"40":0.3166666667,"41":0.0,"42":0.2290502793,"43":0.2183588317,"44":0.0975609756,"45":0.0,"46":0.4193548387,"47":0.1146788991,"48":0.1351351351,"49":0.2432432432,"50":0.0,"51":0.0,"52":0.0},"disparity":{"0":0.1150165913,"1":0.0891970874,"2":0.0498584657,"3":0.117555342,"4":0.09511618,"5":0.0563780569,"6":0.0930773019,"7":0.2363829636,"8":0.3860471065,"9":0.1534069533,"10":0.0446102633,"11":0.0112775716,"12":0.0145752875,"13":0.3849212637,"14":0.2313691924,"15":0.1040695082,"16":0.0878313854,"17":0.0779567751,"18":0.2201618026,"19":0.0204337186,"20":0.3305022627,"21":0.2015128219,"22":0.1997785698,"23":0.1506434184,"24":0.0176166596,"25":0.2580770655,"26":-0.0040700818,"27":0.1768391311,"28":0.0925976475,"29":-0.0114206932,"30":0.3581073547,"31":0.0075054389,"32":0.2994421701,"33":0.1626083762,"34":-0.0118348298,"35":0.2500733022,"36":0.164306021,"37":0.0615816316,"38":0.2307221546,"39":0.4428169418,"40":0.0376218174,"41":-0.0125365398,"42":0.062698005,"43":0.0998648359,"44":0.0869646592,"45":-0.0100313069,"46":0.2254547829,"47":0.0789824797,"48":0.1010691857,"49":0.1800906348,"50":-0.0084240259,"51":0.0,"52":0.0},"blacks_killed":{"0":52.0,"1":5.0,"2":31.0,"3":28.0,"4":186.0,"5":22.0,"6":7.0,"7":9.0,"8":23.0,"9":169.0,"10":98.0,"11":1.0,"12":1.0,"13":96.0,"14":40.0,"15":6.0,"16":11.0,"17":19.0,"18":80.0,"19":1.0,"20":80.0,"21":15.0,"22":42.0,"23":17.0,"24":41.0,"25":74.0,"26":0.0,"27":8.0,"28":21.0,"29":0.0,"30":51.0,"31":4.0,"32":71.0,"33":77.0,"34":0.0,"35":80.0,"36":51.0,"37":9.0,"38":58.0,"39":3.0,"40":38.0,"41":0.0,"42":41.0,"43":157.0,"44":8.0,"45":0.0,"46":52.0,"47":25.0,"48":10.0,"49":27.0,"50":0.0,"51":0.0,"52":0.0},"hispanics_killed":{"0":0.0,"1":1.0,"2":114.0,"3":3.0,"4":489.0,"5":67.0,"6":6.0,"7":0.0,"8":0.0,"9":76.0,"10":13.0,"11":4.0,"12":6.0,"13":21.0,"14":6.0,"15":2.0,"16":8.0,"17":3.0,"18":5.0,"19":0.0,"20":6.0,"21":10.0,"22":4.0,"23":4.0,"24":1.0,"25":5.0,"26":1.0,"27":3.0,"28":30.0,"29":1.0,"30":14.0,"31":78.0,"32":18.0,"33":9.0,"34":0.0,"35":2.0,"36":18.0,"37":9.0,"38":10.0,"39":1.0,"40":2.0,"41":1.0,"42":5.0,"43":219.0,"44":13.0,"45":1.0,"46":7.0,"47":29.0,"48":0.0,"49":8.0,"50":2.0,"51":0.0,"52":0.0},"native_americans_killed":{"0":0.0,"1":12.0,"2":14.0,"3":0.0,"4":7.0,"5":5.0,"6":0.0,"7":0.0,"8":0.0,"9":0.0,"10":0.0,"11":0.0,"12":2.0,"13":0.0,"14":0.0,"15":0.0,"16":0.0,"17":1.0,"18":0.0,"19":0.0,"20":0.0,"21":0.0,"22":0.0,"23":5.0,"24":1.0,"25":0.0,"26":5.0,"27":2.0,"28":2.0,"29":0.0,"30":0.0,"31":6.0,"32":0.0,"33":1.0,"34":4.0,"35":0.0,"36":12.0,"37":0.0,"38":1.0,"39":0.0,"40":0.0,"41":9.0,"42":0.0,"43":1.0,"44":2.0,"45":1.0,"46":0.0,"47":12.0,"48":0.0,"49":5.0,"50":2.0,"51":0.0,"52":0.0},"asians_killed":{"0":1.0,"1":0.0,"2":0.0,"3":1.0,"4":44.0,"5":4.0,"6":1.0,"7":0.0,"8":0.0,"9":6.0,"10":3.0,"11":2.0,"12":0.0,"13":1.0,"14":0.0,"15":0.0,"16":0.0,"17":1.0,"18":4.0,"19":0.0,"20":0.0,"21":1.0,"22":2.0,"23":7.0,"24":1.0,"25":0.0,"26":0.0,"27":0.0,"28":2.0,"29":0.0,"30":1.0,"31":1.0,"32":1.0,"33":1.0,"34":0.0,"35":4.0,"36":2.0,"37":0.0,"38":1.0,"39":0.0,"40":2.0,"41":1.0,"42":2.0,"43":10.0,"44":0.0,"45":0.0,"46":1.0,"47":5.0,"48":1.0,"49":4.0,"50":0.0,"51":0.0,"52":0.0},"pacific_islanders_killed":{"0":0.0,"1":0.0,"2":0.0,"3":0.0,"4":9.0,"5":0.0,"6":0.0,"7":0.0,"8":0.0,"9":0.0,"10":0.0,"11":22.0,"12":0.0,"13":0.0,"14":0.0,"15":0.0,"16":0.0,"17":0.0,"18":0.0,"19":0.0,"20":0.0,"21":0.0,"22":1.0,"23":0.0,"24":0.0,"25":2.0,"26":0.0,"27":0.0,"28":0.0,"29":0.0,"30":0.0,"31":0.0,"32":0.0,"33":1.0,"34":0.0,"35":0.0,"36":1.0,"37":0.0,"38":0.0,"39":0.0,"40":0.0,"41":0.0,"42":0.0,"43":0.0,"44":2.0,"45":0.0,"46":0.0,"47":4.0,"48":0.0,"49":0.0,"50":0.0,"51":0.0,"52":0.0},"white_people_killed":{"0":73.0,"1":15.0,"2":141.0,"3":59.0,"4":333.0,"5":97.0,"6":19.0,"7":8.0,"8":1.0,"9":242.0,"10":109.0,"11":5.0,"12":36.0,"13":49.0,"14":70.0,"15":33.0,"16":49.0,"17":86.0,"18":49.0,"19":27.0,"20":32.0,"21":26.0,"22":56.0,"23":50.0,"24":51.0,"25":93.0,"26":28.0,"27":22.0,